{
  "75": {
    "inputs": {
      "filename_prefix": "video-LTX-2-NVFP4/LTX-2-NVFP4",
      "format": "mp4",
      "codec": "auto",
      "video": [
        "92:97",
        0
      ]
    },
    "class_type": "SaveVideo",
    "_meta": {
      "title": "Save Video"
    }
  },
  "92:9": {
    "inputs": {
      "steps": 20,
      "max_shift": 2.05,
      "base_shift": 0.95,
      "stretch": true,
      "terminal": 0.1,
      "latent": [
        "92:56",
        0
      ]
    },
    "class_type": "LTXVScheduler",
    "_meta": {
      "title": "LTXVScheduler"
    }
  },
  "92:60": {
    "inputs": {
      "text_encoder": "gemma_3_12B_it.safetensors",
      "ckpt_name": "ltx-2-19b-dev-fp4.safetensors",
      "device": "default"
    },
    "class_type": "LTXAVTextEncoderLoader",
    "_meta": {
      "title": "LTXV Audio Text Encoder Loader"
    }
  },
  "92:73": {
    "inputs": {
      "sigmas": "0.909375, 0.725, 0.421875, 0.0"
    },
    "class_type": "ManualSigmas",
    "_meta": {
      "title": "ManualSigmas"
    }
  },
  "92:76": {
    "inputs": {
      "model_name": "ltx-2-spatial-upscaler-x2-1.0.safetensors"
    },
    "class_type": "LatentUpscaleModelLoader",
    "_meta": {
      "title": "Load Latent Upscale Model"
    }
  },
  "92:81": {
    "inputs": {
      "positive": [
        "92:22",
        0
      ],
      "negative": [
        "92:22",
        1
      ],
      "latent": [
        "92:80",
        0
      ]
    },
    "class_type": "LTXVCropGuides",
    "_meta": {
      "title": "LTXVCropGuides"
    }
  },
  "92:82": {
    "inputs": {
      "cfg": 1,
      "model": [
        "92:68",
        0
      ],
      "positive": [
        "92:81",
        0
      ],
      "negative": [
        "92:81",
        1
      ]
    },
    "class_type": "CFGGuider",
    "_meta": {
      "title": "CFGGuider"
    }
  },
  "92:90": {
    "inputs": {
      "upscale_method": "lanczos",
      "scale_by": 0.5,
      "image": [
        "92:89",
        0
      ]
    },
    "class_type": "ImageScaleBy",
    "_meta": {
      "title": "Upscale Image By"
    }
  },
  "92:91": {
    "inputs": {
      "image": [
        "92:90",
        0
      ]
    },
    "class_type": "GetImageSize",
    "_meta": {
      "title": "Get Image Size"
    }
  },
  "92:51": {
    "inputs": {
      "frames_number": [
        "92:62",
        0
      ],
      "frame_rate": [
        "92:99",
        0
      ],
      "batch_size": 1,
      "audio_vae": [
        "92:48",
        0
      ]
    },
    "class_type": "LTXVEmptyLatentAudio",
    "_meta": {
      "title": "LTXV Empty Latent Audio"
    }
  },
  "92:22": {
    "inputs": {
      "frame_rate": [
        "92:102",
        0
      ],
      "positive": [
        "92:3",
        0
      ],
      "negative": [
        "92:4",
        0
      ]
    },
    "class_type": "LTXVConditioning",
    "_meta": {
      "title": "LTXVConditioning"
    }
  },
  "92:43": {
    "inputs": {
      "width": [
        "92:91",
        0
      ],
      "height": [
        "92:91",
        1
      ],
      "length": [
        "92:62",
        0
      ],
      "batch_size": 1
    },
    "class_type": "EmptyLTXVLatentVideo",
    "_meta": {
      "title": "EmptyLTXVLatentVideo"
    }
  },
  "92:56": {
    "inputs": {
      "video_latent": [
        "92:43",
        0
      ],
      "audio_latent": [
        "92:51",
        0
      ]
    },
    "class_type": "LTXVConcatAVLatent",
    "_meta": {
      "title": "LTXVConcatAVLatent"
    }
  },
  "92:4": {
    "inputs": {
      "text": "blurry, out of focus, overexposed, underexposed, low contrast, washed out colors, excessive noise, grainy texture, poor lighting, flickering, motion blur, distorted proportions, unnatural skin tones, deformed facial features, asymmetrical face, missing facial features, extra limbs, disfigured hands, wrong hand count, artifacts around text, unreadable text on shirt or hat, incorrect lettering on cap (“PNTR”), incorrect t-shirt slogan (“JUST DO IT”), missing microphone, misplaced microphone, inconsistent perspective, camera shake, incorrect depth of field, background too sharp, background clutter, distracting reflections, harsh shadows, inconsistent lighting direction, color banding, cartoonish rendering, 3D CGI look, unrealistic materials, uncanny valley effect, incorrect ethnicity, wrong gender, exaggerated expressions, smiling, laughing, exaggerated sadness, wrong gaze direction, eyes looking at camera, mismatched lip sync, silent or muted audio, distorted voice, robotic voice, echo, background noise, off-sync audio, missing sniff sounds, incorrect dialogue, added dialogue, repetitive speech, jittery movement, awkward pauses, incorrect timing, unnatural transitions, inconsistent framing, tilted camera, missing door or shelves, missing shallow depth of field, flat lighting, inconsistent tone, cinematic oversaturation, stylized filters, or AI artifacts.",
      "clip": [
        "92:60",
        0
      ]
    },
    "class_type": "CLIPTextEncode",
    "_meta": {
      "title": "CLIP Text Encode (Prompt)"
    }
  },
  "92:89": {
    "inputs": {
      "width": 1280,
      "height": 720,
      "batch_size": 1,
      "color": 0
    },
    "class_type": "EmptyImage",
    "_meta": {
      "title": "EmptyImage"
    }
  },
  "92:62": {
    "inputs": {
      "value": 121
    },
    "class_type": "PrimitiveInt",
    "_meta": {
      "title": "Length"
    }
  },
  "92:41": {
    "inputs": {
      "noise": [
        "92:11",
        0
      ],
      "guider": [
        "92:47",
        0
      ],
      "sampler": [
        "92:8",
        0
      ],
      "sigmas": [
        "92:9",
        0
      ],
      "latent_image": [
        "92:56",
        0
      ]
    },
    "class_type": "SamplerCustomAdvanced",
    "_meta": {
      "title": "SamplerCustomAdvanced"
    }
  },
  "92:67": {
    "inputs": {
      "noise_seed": 0
    },
    "class_type": "RandomNoise",
    "_meta": {
      "title": "RandomNoise"
    }
  },
  "92:11": {
    "inputs": {
      "noise_seed": 10
    },
    "class_type": "RandomNoise",
    "_meta": {
      "title": "RandomNoise"
    }
  },
  "92:80": {
    "inputs": {
      "av_latent": [
        "92:41",
        0
      ]
    },
    "class_type": "LTXVSeparateAVLatent",
    "_meta": {
      "title": "LTXVSeparateAVLatent"
    }
  },
  "92:83": {
    "inputs": {
      "video_latent": [
        "92:84",
        0
      ],
      "audio_latent": [
        "92:80",
        1
      ]
    },
    "class_type": "LTXVConcatAVLatent",
    "_meta": {
      "title": "LTXVConcatAVLatent"
    }
  },
  "92:84": {
    "inputs": {
      "samples": [
        "92:81",
        2
      ],
      "upscale_model": [
        "92:76",
        0
      ],
      "vae": [
        "92:1",
        2
      ]
    },
    "class_type": "LTXVLatentUpsampler",
    "_meta": {
      "title": "spatial"
    }
  },
  "92:70": {
    "inputs": {
      "noise": [
        "92:67",
        0
      ],
      "guider": [
        "92:82",
        0
      ],
      "sampler": [
        "92:66",
        0
      ],
      "sigmas": [
        "92:73",
        0
      ],
      "latent_image": [
        "92:83",
        0
      ]
    },
    "class_type": "SamplerCustomAdvanced",
    "_meta": {
      "title": "SamplerCustomAdvanced"
    }
  },
  "92:3": {
    "inputs": {
      "text": "A close-up of a cheerful girl puppet with curly auburn yarn hair and wide button eyes, holding a small red umbrella above her head. Rain falls gently around her. She looks upward and begins to sing with joy in English: \"It's raining, it's raining, I love it when its raining.\" Her fabric mouth opening and closing to a melodic tune. Her hands grip the umbrella handle as she sways slightly from side to side in rhythm. The camera holds steady as the rain sparkles against the soft lighting. Her eyes blink occasionally as she sings.",
      "clip": [
        "92:60",
        0
      ]
    },
    "class_type": "CLIPTextEncode",
    "_meta": {
      "title": "CLIP Text Encode (Prompt)"
    }
  },
  "92:97": {
    "inputs": {
      "fps": [
        "92:102",
        0
      ],
      "images": [
        "92:98",
        0
      ],
      "audio": [
        "92:96",
        0
      ]
    },
    "class_type": "CreateVideo",
    "_meta": {
      "title": "Create Video"
    }
  },
  "92:48": {
    "inputs": {
      "ckpt_name": "ltx-2-19b-dev-fp4.safetensors"
    },
    "class_type": "LTXVAudioVAELoader",
    "_meta": {
      "title": "LTXV Audio VAE Loader"
    }
  },
  "92:94": {
    "inputs": {
      "av_latent": [
        "92:70",
        1
      ]
    },
    "class_type": "LTXVSeparateAVLatent",
    "_meta": {
      "title": "LTXVSeparateAVLatent"
    }
  },
  "92:98": {
    "inputs": {
      "tile_size": 512,
      "overlap": 64,
      "temporal_size": 4096,
      "temporal_overlap": 8,
      "samples": [
        "92:94",
        0
      ],
      "vae": [
        "92:1",
        2
      ]
    },
    "class_type": "VAEDecodeTiled",
    "_meta": {
      "title": "VAE Decode (Tiled)"
    }
  },
  "92:96": {
    "inputs": {
      "samples": [
        "92:94",
        1
      ],
      "audio_vae": [
        "92:48",
        0
      ]
    },
    "class_type": "LTXVAudioVAEDecode",
    "_meta": {
      "title": "LTXV Audio VAE Decode"
    }
  },
  "92:47": {
    "inputs": {
      "cfg": 4,
      "model": [
        "92:1",
        0
      ],
      "positive": [
        "92:22",
        0
      ],
      "negative": [
        "92:22",
        1
      ]
    },
    "class_type": "CFGGuider",
    "_meta": {
      "title": "CFGGuider"
    }
  },
  "92:102": {
    "inputs": {
      "value": 24
    },
    "class_type": "PrimitiveFloat",
    "_meta": {
      "title": "Frame Rate(float)"
    }
  },
  "92:99": {
    "inputs": {
      "value": 24
    },
    "class_type": "PrimitiveInt",
    "_meta": {
      "title": "Frame Rate(int)"
    }
  },
  "92:1": {
    "inputs": {
      "ckpt_name": "ltx-2-19b-dev-fp4.safetensors"
    },
    "class_type": "CheckpointLoaderSimple",
    "_meta": {
      "title": "Load Checkpoint"
    }
  },
  "92:68": {
    "inputs": {
      "lora_name": "ltx-2-19b-distilled-lora-384.safetensors",
      "strength_model": 1,
      "model": [
        "92:1",
        0
      ]
    },
    "class_type": "LoraLoaderModelOnly",
    "_meta": {
      "title": "LoraLoaderModelOnly"
    }
  },
  "92:8": {
    "inputs": {
      "sampler_name": "euler_ancestral"
    },
    "class_type": "KSamplerSelect",
    "_meta": {
      "title": "KSamplerSelect"
    }
  },
  "92:66": {
    "inputs": {
      "sampler_name": "euler_ancestral"
    },
    "class_type": "KSamplerSelect",
    "_meta": {
      "title": "KSamplerSelect"
    }
  }
}