{
  "6": {
    "inputs": {
      "text": "A close-up of a young woman smiling gently in the rain, raindrops glistening on her face and eyelashes. The video captures the delicate details of her expression and the water droplets, with soft light reflecting off her skin in the rainy atmosphere.",
      "clip": [
        "38",
        0
      ]
    },
    "class_type": "CLIPTextEncode",
    "_meta": {
      "title": "CLIP Text Encode (Positive Prompt)"
    }
  },
  "7": {
    "inputs": {
      "text": "色调艳丽，过曝，静态，细节模糊不清，字幕，风格，作品，画作，画面，静止，整体发灰，最差质量，低质量，JPEG压缩残留，丑陋的，残缺的，多余的手指，画得不好的手部，画得不好的脸部，畸形的，毁容的，形态畸形的肢体，手指融合，静止不动的画面，杂乱的背景，三条腿，背景人很多，倒着走",
      "clip": [
        "38",
        0
      ]
    },
    "class_type": "CLIPTextEncode",
    "_meta": {
      "title": "CLIP Text Encode (Negative Prompt)"
    }
  },
  "8": {
    "inputs": {
      "samples": [
        "58",
        0
      ],
      "vae": [
        "39",
        0
      ]
    },
    "class_type": "VAEDecode",
    "_meta": {
      "title": "VAE Decode"
    }
  },
  "37": {
    "inputs": {
      "unet_name": "wan2.2_t2v_high_noise_14B_fp8_scaled.safetensors",
      "weight_dtype": "default"
    },
    "class_type": "UNETLoader",
    "_meta": {
      "title": "Load Diffusion Model"
    }
  },
  "38": {
    "inputs": {
      "clip_name": "umt5_xxl_fp8_e4m3fn_scaled.safetensors",
      "type": "wan",
      "device": "default"
    },
    "class_type": "CLIPLoader",
    "_meta": {
      "title": "Load CLIP"
    }
  },
  "39": {
    "inputs": {
      "vae_name": "wan_2.1_vae.safetensors"
    },
    "class_type": "VAELoader",
    "_meta": {
      "title": "Load VAE"
    }
  },
  "54": {
    "inputs": {
      "shift": 8.000000000000002,
      "model": [
        "37",
        0
      ]
    },
    "class_type": "ModelSamplingSD3",
    "_meta": {
      "title": "ModelSamplingSD3"
    }
  },
  "55": {
    "inputs": {
      "shift": 8,
      "model": [
        "56",
        0
      ]
    },
    "class_type": "ModelSamplingSD3",
    "_meta": {
      "title": "ModelSamplingSD3"
    }
  },
  "56": {
    "inputs": {
      "unet_name": "wan2.2_t2v_low_noise_14B_fp8_scaled.safetensors",
      "weight_dtype": "default"
    },
    "class_type": "UNETLoader",
    "_meta": {
      "title": "Load Diffusion Model"
    }
  },
  "57": {
    "inputs": {
      "add_noise": "enable",
      "noise_seed": 747072737647007,
      "steps": 20,
      "cfg": 3.5,
      "sampler_name": "euler",
      "scheduler": "simple",
      "start_at_step": 0,
      "end_at_step": 10,
      "return_with_leftover_noise": "enable",
      "model": [
        "54",
        0
      ],
      "positive": [
        "6",
        0
      ],
      "negative": [
        "7",
        0
      ],
      "latent_image": [
        "59",
        0
      ]
    },
    "class_type": "KSamplerAdvanced",
    "_meta": {
      "title": "KSampler (Advanced)"
    }
  },
  "58": {
    "inputs": {
      "add_noise": "disable",
      "noise_seed": 0,
      "steps": 20,
      "cfg": 3.5,
      "sampler_name": "euler",
      "scheduler": "simple",
      "start_at_step": 10,
      "end_at_step": 10000,
      "return_with_leftover_noise": "disable",
      "model": [
        "55",
        0
      ],
      "positive": [
        "6",
        0
      ],
      "negative": [
        "7",
        0
      ],
      "latent_image": [
        "57",
        0
      ]
    },
    "class_type": "KSamplerAdvanced",
    "_meta": {
      "title": "KSampler (Advanced)"
    }
  },
  "59": {
    "inputs": {
      "width": 854,
      "height": 480,
      "length": 81,
      "batch_size": 1
    },
    "class_type": "EmptyHunyuanLatentVideo",
    "_meta": {
      "title": "EmptyHunyuanLatentVideo"
    }
  },
  "60": {
    "inputs": {
      "fps": 16,
      "images": [
        "8",
        0
      ]
    },
    "class_type": "CreateVideo",
    "_meta": {
      "title": "Create Video"
    }
  },
  "61": {
    "inputs": {
      "filename_prefix": "video/ComfyUI",
      "format": "auto",
      "codec": "auto",
      "video-preview": "",
      "video": [
        "60",
        0
      ]
    },
    "class_type": "SaveVideo",
    "_meta": {
      "title": "Save Video"
    }
  }
}