{
  "9": {
    "inputs": {
      "filename_prefix": "Flux2-Klein",
      "images": [
        "75:65",
        0
      ]
    },
    "class_type": "SaveImage",
    "_meta": {
      "title": "Save Image"
    }
  },
  "76": {
    "inputs": {
      "value": "A vintage motorcycle parked in front of a retro diner at sunset, warm orange and pink sky, neon signs glowing, 80s vintage photo style, film grain, warm color cast\n"
    },
    "class_type": "PrimitiveStringMultiline",
    "_meta": {
      "title": "Prompt"
    }
  },
  "75:61": {
    "inputs": {
      "sampler_name": "euler"
    },
    "class_type": "KSamplerSelect",
    "_meta": {
      "title": "KSamplerSelect"
    }
  },
  "75:62": {
    "inputs": {
      "steps": 20,
      "width": [
        "75:68",
        0
      ],
      "height": [
        "75:69",
        0
      ]
    },
    "class_type": "Flux2Scheduler",
    "_meta": {
      "title": "Flux2Scheduler"
    }
  },
  "75:63": {
    "inputs": {
      "cfg": 5,
      "model": [
        "75:70",
        0
      ],
      "positive": [
        "75:74",
        0
      ],
      "negative": [
        "75:67",
        0
      ]
    },
    "class_type": "CFGGuider",
    "_meta": {
      "title": "CFGGuider"
    }
  },
  "75:64": {
    "inputs": {
      "noise": [
        "75:73",
        0
      ],
      "guider": [
        "75:63",
        0
      ],
      "sampler": [
        "75:61",
        0
      ],
      "sigmas": [
        "75:62",
        0
      ],
      "latent_image": [
        "75:66",
        0
      ]
    },
    "class_type": "SamplerCustomAdvanced",
    "_meta": {
      "title": "SamplerCustomAdvanced"
    }
  },
  "75:65": {
    "inputs": {
      "samples": [
        "75:64",
        0
      ],
      "vae": [
        "75:72",
        0
      ]
    },
    "class_type": "VAEDecode",
    "_meta": {
      "title": "VAE Decode"
    }
  },
  "75:66": {
    "inputs": {
      "width": [
        "75:68",
        0
      ],
      "height": [
        "75:69",
        0
      ],
      "batch_size": 1
    },
    "class_type": "EmptyFlux2LatentImage",
    "_meta": {
      "title": "Empty Flux 2 Latent"
    }
  },
  "75:67": {
    "inputs": {
      "text": "",
      "clip": [
        "75:71",
        0
      ]
    },
    "class_type": "CLIPTextEncode",
    "_meta": {
      "title": "CLIP Text Encode (Negative Prompt)"
    }
  },
  "75:68": {
    "inputs": {
      "value": 1024
    },
    "class_type": "PrimitiveInt",
    "_meta": {
      "title": "Width"
    }
  },
  "75:69": {
    "inputs": {
      "value": 1024
    },
    "class_type": "PrimitiveInt",
    "_meta": {
      "title": "Height"
    }
  },
  "75:73": {
    "inputs": {
      "noise_seed": 0
    },
    "class_type": "RandomNoise",
    "_meta": {
      "title": "RandomNoise"
    }
  },
  "75:70": {
    "inputs": {
      "unet_name": "flux-2-klein-base-9b-nvfp4.safetensors",
      "weight_dtype": "default"
    },
    "class_type": "UNETLoader",
    "_meta": {
      "title": "Load Diffusion Model"
    }
  },
  "75:71": {
    "inputs": {
      "clip_name": "qwen_3_8b_fp4mixed.safetensors",
      "type": "flux2",
      "device": "default"
    },
    "class_type": "CLIPLoader",
    "_meta": {
      "title": "Load CLIP"
    }
  },
  "75:72": {
    "inputs": {
      "vae_name": "flux2-vae.safetensors"
    },
    "class_type": "VAELoader",
    "_meta": {
      "title": "Load VAE"
    }
  },
  "75:74": {
    "inputs": {
      "text": [
        "76",
        0
      ],
      "clip": [
        "75:71",
        0
      ]
    },
    "class_type": "CLIPTextEncode",
    "_meta": {
      "title": "CLIP Text Encode (Positive Prompt)"
    }
  }
}